ID,Category,Pos_b,Pos_e,Privacy
854,address,1,5,北京东三环
854,organization,60,63,博洛尼亚
854,organization,70,72,拉齐奥
854,position,43,45,主教练
854,company,83,86,visa
854,company,88,89,银联
854,address,134,136,崇礼县
854,position,149,152,投资专家
854,position,159,160,专家
854,position,169,170,专家
854,position,146,147,老总
854,movie,195,200,《幸福已逝》
854,movie,203,208,《荒野生存》
854,name,174,175,gg
854,name,178,186,克林特·伊斯特伍德
854,name,210,214,古斯塔沃·
854,organization,236,239,纽卡斯尔
854,organization,254,257,维冈竞技
854,address,277,278,上海
854,name,295,297,贝聿铭
854,position,289,294,建筑设计大师
854,scene,259,265,上海贝轩大公馆
